8450,7,5,2003,856,208500,Near stadium
9600,6,8,1976,1262,181500,Sakri road
11250,7,5,2001,920,223500,Near stadium
9550,7,5,1915,756,140000,Sakri road
14260,8,5,2000,1145,250000,near stadium
14115,5,5,1993,796,143000,Wadibhokar road
10084,8,5,2004,1686,307000,Agrawal nagar
10382,7,6,1973,1107,200000,sakri road
6120,7,5,1931,952,129900,wadibhokar road
7420,5,6,1939,991,118000,wadibhokar road
11200,5,5,1965,1040,129500,wadibhokar road
11924,9,5,2005,1175,345000,Agrawal nagar
12968,5,6,1962,912,144000,wadibhokar road
10652,7,5,2006,1494,279500,Near stadium
10920,6,5,1960,1253,157000,sakri road
6120,7,8,1929,832,132000,sakri road
11241,6,7,1970,1004,149000,Sakri road
10791,4,5,1967,0,90000,Jaihind colny
13695,5,5,2004,1114,159000,sakri road
7560,5,6,1958,1029,139000,wadibhokar road
14215,8,5,2005,1158,325300,Agrawal nagar
7449,7,7,1930,637,139400,Wadibhokar road
9742,8,5,2002,1777,230000,Near stadium
4224,5,7,1976,1040,129900,Wadibhokar road
8246,5,8,1968,1060,154000,Sakri road
14230,8,5,2007,1566,256300,Agra road
7200,5,7,1951,900,134800,Wadibhokar road
11478,8,5,2007,1704,306000,Agrawal nagar
16321,5,6,1957,1484,207500,Near stadium
6324,4,6,1927,520,68500,Jaihind colny
8500,4,4,1920,649,40000,Jaihind colny
8544,5,6,1966,1228,149350,Wadibhokar road
11049,8,5,2007,1234,179900,Sakri road
10552,5,5,1959,1398,165500,Sakri road
7313,9,5,2005,1561,277500,Agra road
13418,8,5,2004,1117,309000,Agrawal nagar
10859,5,5,1994,1097,145000,wadibhokar road
8532,5,6,1954,1297,153000,sakri road
7922,5,7,1953,1057,109000,jaihind colny
6040,4,5,1955,0,82000,jaihind colny
8658,6,5,1965,1088,160000,wadibhokar road
16905,5,6,1959,1350,170000,sakri road
9180,5,7,1983,840,144000,wadibhokar road
9200,5,6,1975,938,130250,wadibhokar road
7945,5,6,1959,1150,141000,wadibhokar road
7658,9,5,2005,1752,319900,agrawal nagar
12822,7,5,2003,1434,239686,near stadium
11096,8,5,2006,1656,249700,near stadium
4456,4,5,1920,736,113000,wadibhokar road
7742,5,7,1966,955,127000,wadibhokar road
13869,6,6,1997,794,177000,sakri road
6240,6,6,1934,816,114500,wadibhokar road
8472,5,5,1963,816,110000,wadibhokar road
50271,9,5,1981,1842,385000,agrawal nagar
7134,5,5,1955,384,130000,wadibhokar road
10175,6,5,1964,1425,180500,sakri road
2645,8,5,1999,970,172500,sakri road
11645,7,5,2004,860,196500,sakri road
13682,10,5,2006,1410,438780,jaihind colny
7200,5,7,1972,780,124900,wadibhokar road
13072,6,5,2004,1158,158000,wadibhokar road
7200,5,7,1920,530,101000,jaihind colny
6442,8,5,2006,1370,202500,near stadium
10300,7,6,1921,576,140000,wadibhokar road
9375,7,5,1997,1057,219500,near stadium
9591,8,5,2004,1143,317000,agrawal nagar
19900,7,5,1970,1947,180000,sakri road
10665,7,5,2003,1453,226000,near stadium
4608,4,6,1945,747,80000,jaihind colny
15593,7,4,1953,1304,225000,near stadium
13651,7,6,1973,2223,244000,near stadium
7599,4,6,1982,845,129500,wadibhokar road
10141,7,5,1998,832,185000,sakri road
10200,5,7,1954,1086,144900,wadibhokar road
5790,3,6,1915,840,107400,jaihind colny
1596,4,5,1973,462,91000,jaihind colny
8475,4,7,1956,952,135750,wadibhokar road
8635,5,5,1948,672,127000,wadibhokar road
10778,4,5,1968,1768,136500,wadibhokar road
10440,5,6,1910,440,110000,wadibhokar road
13000,6,6,1968,896,193500,sakri road
4500,6,5,1998,1237,153500,sakri road
10206,8,5,2007,1563,245000,near stadium
8892,5,5,1960,1065,126500,wadibhokar road
8530,7,5,1995,384,168500,sakri road
16059,8,5,1991,1288,260000,agra road
11911,6,5,2005,684,174000,sakri road
3951,6,5,2009,612,164500,sakri road
8470,3,2,1915,1013,85000,jaihind colny
8070,4,5,1994,990,123600,wadibhokar road
7200,4,5,1950,0,109900,jaihind colny
8500,5,3,1961,1235,98600,jaihind colny
13360,5,7,1921,876,163500,sakri road
7200,6,6,1910,1214,133900,wadibhokar road
9337,6,5,1997,824,204750,near stadium
9765,6,8,1993,680,185000,sakri road
10264,7,5,1999,1588,214000,near stadium
10921,4,5,1965,960,94750,jaihind colny
10625,5,5,1920,458,83000,jaihind colny
9320,4,5,1959,950,128950,wadibhokar road
10603,6,7,1977,1610,205000,near stadium
9206,6,5,1985,741,178000,sakri road
7018,5,5,1979,0,118964,wadibhokar road
10402,7,5,2009,1226,198900,sakri road
7758,7,4,1931,1040,169500,sakri road
9375,8,5,2003,1053,250000,near stadium
10800,4,7,1885,641,100000,jaihind colny
6000,5,5,1948,789,115000,wadibhokar road
8500,5,7,1919,793,115000,wadibhokar road
11751,6,6,1977,1844,190000,sakri road
9525,6,4,1954,994,136900,wadibhokar road
7750,7,5,2000,384,180000,sakri road
9965,7,5,2007,1264,383970,agrawal nagar
21000,6,5,1953,1809,217000,near stadium
7259,6,8,1945,1028,259500,agra road
3230,6,5,1999,729,176000,sakri road
11616,5,5,1962,1092,139000,wadibhokar road
8536,5,5,2006,1125,155000,sakri road
12376,7,5,1990,1673,320000,agrawal nagar
8461,6,5,2005,728,163990,sakri road
21453,6,5,1969,938,180000,sakri road
6060,4,5,1939,732,100000,jaihind colny
9464,6,7,1958,1080,136000,wadibhokar road
7892,6,5,1993,1199,153900,sakri road
17043,6,5,1979,1362,181000,sakri road
6780,6,8,1935,520,84500,jaihind colny
4928,6,5,1976,1078,128000,wadibhokar road
4388,5,7,1930,672,87000,jaihind colny
7590,6,5,1966,660,155000,sakri road
8973,5,7,1958,1008,150000,wadibhokar road
14200,7,6,1966,924,226000,near stadium
12224,6,5,2000,992,244000,near stadium
7388,5,6,1959,1063,150750,sakri road
6853,8,5,2001,1267,220000,near stadium
10335,5,6,1968,1461,180000,sakri road
10400,7,6,1970,1304,174000,sakri road
10355,5,5,1967,1214,143000,wadibhokar road
11070,7,5,1988,1907,171000,sakri road
9066,8,5,1999,1004,230000,near stadium
15426,6,5,1997,928,231500,near stadium
10500,4,5,1971,864,115000,wadibhokar road
11645,7,5,2005,1734,260000,agra road
8520,5,4,1952,910,166000,sakri road
10335,7,5,1999,1490,204000,near stadium
9100,5,5,1963,1728,125000,wadibhokar road
2522,6,5,2004,970,130000,wadibhokar road
6120,5,7,1931,715,105000,wadibhokar road
9505,7,5,2001,884,222500,near stadium
7500,7,5,2004,1080,141000,wadibhokar road
6240,5,4,1936,896,115000,wadibhokar road
10356,5,6,1975,969,122000,wadibhokar road
13891,8,5,2007,1710,372402,agrawal nagar
14803,6,5,1971,825,190000,sakri road
13500,6,7,1960,1602,235000,near stadium
11340,6,5,1923,1200,125000,wadibhokar road
9600,6,5,1924,572,79000,jaihind colny
7200,5,7,1950,0,109500,wadibhokar road
12003,8,5,2009,774,269500,agra road
12552,7,5,2004,991,254900,agra road
19378,7,5,2005,1392,320000,agrawal nagar
11120,6,6,1984,1232,162500,sakri road
13688,9,5,2003,1572,412500,agrawal nagar
12182,7,5,2005,1541,220000,near stadium
5500,4,6,1956,882,103200,wadibhokar road
5400,6,7,1926,1149,152000,sakri road
10106,5,7,1940,644,127500,wadibhokar road
10708,5,5,1955,1617,190000,sakri road
10562,8,5,2007,1582,325624,agrawal nagar
8244,7,5,2004,840,183500,near stadium
16669,8,6,1981,1686,228000,near stadium
12358,5,6,1941,720,128500,wadibhokar road
31770,6,5,1960,1080,215000,near stadium
5306,7,7,1987,1064,239000,near stadium
10197,6,5,1961,1362,163000,sakri road
12416,6,5,1986,1606,184000,sakri road
12615,6,7,1950,1202,243000,near stadium
10029,6,5,1988,1151,211000,near stadium
13650,5,5,1958,1052,172500,sakri road
17423,9,5,2008,2216,501837,jaihind colny
8520,5,6,1923,968,100000,jaihind colny
2117,6,5,2000,756,177000,sakri road
7588,7,6,1920,793,200100,near stadium
9060,5,6,1957,0,120000,wadibhokar road
11426,7,5,2003,1362,200000,sakri road
7438,5,8,1908,504,127000,wadibhokar road
22950,10,9,1892,1107,475000,agrawal nagar
9947,7,5,1990,1188,173000,sakri road
10410,5,7,1916,660,135000,wadibhokar road
7018,5,5,1979,1086,153337,sakri road
4923,8,5,2001,1593,286000,agra road
10570,8,8,1932,853,315000,agrawal nagar
7472,7,9,1972,725,184000,near stadium
9017,7,5,1999,1431,192000,sakri road
2522,7,5,2004,970,130000,wadibhokar road
7180,5,7,1972,864,127000,wadibhokar road
2280,6,6,1976,855,148500,wadibhokar road
9416,7,5,2007,1726,311872,agrawal nagar
25419,8,4,1918,1360,235000,near stadium
5520,6,6,1912,755,104000,jaihind colny
9591,8,5,2004,1713,274900,agra road
8546,4,5,2003,1121,140000,wadibhokar road
10125,6,6,1977,1196,171500,sakri road
7000,6,6,1924,617,112000,wadibhokar road
4438,6,5,2004,848,149000,wadibhokar road
3500,5,7,1947,720,110000,wadibhokar road
11851,7,5,1990,1424,180500,sakri road
13673,5,5,1962,1140,143900,wadibhokar road
12493,4,5,1960,1100,141000,wadibhokar road
14364,7,5,1988,1157,277000,agra road
8250,6,7,1964,1092,145000,wadibhokar road
5604,5,6,1925,864,98000,jaihind colny
10420,6,5,2009,1212,186000,sakri road
8640,7,5,2009,900,252678,agra road
13568,5,5,1995,990,156000,sakri road
10900,6,7,1977,689,161750,sakri road
10011,5,6,1957,1070,134450,wadibhokar road
8450,7,5,2004,1436,210000,near stadium
9906,4,4,1925,686,107000,wadibhokar road
15660,7,9,1939,798,311500,agrawal nagar
3010,7,5,2005,1248,167240,wadibhokar road
8990,7,5,2006,1498,204900,near stadium
8068,6,5,2002,1010,200000,sakri road
11475,6,6,1975,713,179900,sakri road
10500,4,6,1971,864,97000,jaihind colny
13472,10,5,2003,2392,386250,agrawal nagar
1680,5,5,1971,630,112000,wadibhokar road
9950,7,5,1995,1203,290000,agra road
1869,6,6,1970,483,106000,wadibhokar road
8521,5,5,1967,912,125000,wadibhokar road
3182,7,5,2005,1373,192500,sakri road
8760,6,6,1959,1194,148000,wadibhokar road
15138,8,5,1995,1462,403000,agrawal nagar
1680,6,5,1972,483,94500,jaihind colny
10650,5,6,1976,894,128200,wadibhokar road
7851,6,5,2002,860,216500,near stadium
1680,6,3,1971,483,89500,jaihind colny
8773,7,5,2004,1414,185500,wadibhokar road
9453,7,7,1993,996,194500,sakri road
12030,8,5,2007,1694,318000,agrawal nagar
8741,6,4,1945,735,113000,wadibhokar road
9000,8,5,2008,1566,262500,agra road
3880,5,9,1945,686,110500,wadibhokar road
5000,5,4,1900,540,79000,jaihind colny
10762,6,6,1980,626,120000,wadibhokar road
8880,7,5,1994,948,205000,sakri road
10400,7,5,1988,1845,241500,near stadium
9142,6,8,1910,1020,137000,wadibhokar road
11310,6,5,1954,1367,140000,wadibhokar road
11317,7,5,2003,840,180000,sakri road
159000,6,7,1958,1444,277000,agra road
5350,3,2,1940,728,76500,jaihind colny
4750,8,5,2006,1573,235000,near stadium
8366,6,5,2004,798,173000,sakri road
9350,6,7,1964,1302,158000,sakri road
8400,5,6,1957,1314,145000,sakri road
8738,7,5,1999,975,230000,near stadium
8791,6,5,2003,864,207500,near stadium
8814,7,5,2006,1604,220000,near stadium
12435,7,5,2001,963,231500,near stadium
12702,5,5,1956,0,97000,jaihind colny
19296,6,5,1962,1362,176000,sakri road
9588,8,5,2007,1482,276000,agra road
8471,6,7,1977,506,151000,sakri road
5500,5,7,1929,926,130000,wadibhokar road
5232,5,5,1925,680,73000,jaihind colny
12090,6,6,1981,1422,175500,sakri road
11207,6,5,1997,802,185000,sakri road
8400,5,8,1939,720,179500,sakri road
6900,5,6,1940,740,120500,wadibhokar road
7917,6,7,1976,1143,148000,wadibhokar road
10728,8,5,2006,1095,266000,agra road
39104,7,7,1954,1385,241500,near stadium
11764,8,7,1999,1152,290000,agra road
9600,6,6,1958,1240,139000,wadibhokar road
8314,5,7,1982,816,124500,wadibhokar road
7264,7,7,1925,952,205000,sakri road
9196,7,5,2003,1560,201000,sakri road
19138,4,5,1951,864,141000,wadibhokar road
14450,9,5,2006,2121,415298,agrawal nagar
10005,7,5,1977,1160,192000,sakri road
11287,7,6,1989,807,228500,near stadium
7200,6,5,2006,1262,185000,sakri road
5063,7,5,2007,1314,207500,sakri road
9612,8,5,2008,1468,244600,near stadium
8012,6,5,1992,1575,179200,sakri road
4251,7,5,2006,625,164700,sakri road
9786,6,7,1962,912,159000,sakri road
8125,4,4,1971,858,88000,jaihind colny
9819,5,5,1967,882,122000,wadibhokar road
8730,6,7,1915,698,153575,wadibhokar road
15611,8,5,2006,1079,233230,near stadium
5687,5,6,1912,780,135900,wadibhokar road
11409,5,4,1949,768,131000,wadibhokar road
16659,7,7,1977,795,235000,near stadium
9600,6,5,1953,1416,167000,sakri road
7937,6,6,1984,1003,142500,wadibhokar road
13710,5,5,1950,910,152000,wadibhokar road
7399,7,5,1997,975,239000,near stadium
11700,6,6,1968,702,175000,sakri road
14000,6,8,1950,1092,158500,sakri road
15750,5,5,1953,1165,157000,sakri road
16226,8,5,1998,1028,267000,agra road
13704,7,5,2001,1541,205000,sakri road
9800,5,7,1972,894,149900,wadibhokar road
18386,7,9,1880,1470,295000,agra road
10386,8,5,2004,2000,305900,agra road
13474,7,5,1990,700,225000,near stadium
7920,6,7,1920,319,89500,jaihind colny
12342,4,5,1940,861,82500,jaihind colny
12378,9,5,2003,1896,360000,agrawal nagar
7685,6,5,1993,697,165600,sakri road
8000,6,6,1948,972,132000,wadibhokar road
7800,5,7,1939,793,119900,wadibhokar road
215245,7,5,1965,2136,375000,agrawal nagar
9600,7,7,1925,728,178000,sakri road
7795,7,5,2004,716,188500,sakri road
13005,7,7,1980,845,260000,agra road
9000,8,5,2006,1088,270000,agra road
9900,7,5,1993,1347,260000,agra road
14115,7,5,1980,1372,187500,sakri road
16259,9,5,2006,1249,342643,agrawal nagar
12099,8,5,2004,1136,354000,agrawal nagar
10380,7,5,1986,1502,301000,agrawal nagar
5820,3,8,1955,1162,126175,wadibhokar road
11275,7,7,1967,710,242000,near stadium
5000,5,6,1941,720,87000,jaihind colny
10846,8,5,1993,1719,324000,agrawal nagar
11600,6,5,1960,1383,145250,wadibhokar road
11888,6,6,1916,844,214500,near stadium
6402,5,5,1920,596,78000,jaihind colny
10624,5,4,1964,1728,119000,wadibhokar road
8176,5,6,1958,1056,139000,wadibhokar road
10655,8,5,2003,3206,284000,near stadium
8198,7,5,2004,1358,207000,sakri road
9042,6,5,1998,943,192000,sakri road
164660,5,6,1965,1499,228950,near stadium
14157,9,5,2005,1922,377426,agrawal nagar
9135,7,5,2002,1536,214000,near stadium
14145,7,7,1984,1208,202500,sakri road
12400,6,7,1958,1215,155000,wadibhokar road
14191,8,5,2002,967,202900,sakri road
8400,4,4,1950,721,82000,jaihind colny
8544,3,4,1949,0,87500,jaihind colny
8849,9,5,2005,1684,266000,agra road
2592,5,3,1976,536,85000,jaihind colny
6435,6,5,1939,972,140200,wadibhokar road
12772,6,8,1960,958,151500,wadibhokar road
17600,6,5,1960,1478,157500,wadibhokar road
2448,7,5,2003,764,154000,wadibhokar road
20431,9,5,2005,1848,437154,agrawal nagar
7820,9,5,2007,1869,318061,agrawal nagar
5271,7,5,1986,1453,190000,sakri road
9084,5,6,1941,616,95000,jaihind colny
8520,6,8,1928,624,105900,jaihind colny
8400,6,5,1940,940,140000,wadibhokar road
11249,6,5,1995,1200,177500,sakri road
9248,6,6,1992,1158,173000,sakri road
4224,5,5,1976,1142,134000,wadibhokar road
6930,5,4,1958,1062,130000,wadibhokar road
12011,8,5,1998,1086,280000,agra road
7540,6,6,1978,888,156000,wadibhokar road
9144,5,5,1940,883,145000,wadibhokar road
7301,7,5,2003,0,198500,sakri road
1680,6,8,1972,483,118000,wadibhokar road
18800,6,5,1976,796,190000,sakri road
10690,5,7,1920,672,147000,wadibhokar road
9500,6,5,1963,1394,159000,sakri road
9150,6,5,1962,1099,165000,sakri road
7800,5,6,1954,1268,132000,wadibhokar road
9830,5,7,1959,1063,162000,sakri road
8121,6,5,2000,953,172400,sakri road
17120,4,4,1959,0,134432,wadibhokar road
7175,6,5,1984,744,125000,wadibhokar road
10634,5,6,1953,608,123000,wadibhokar road
8200,7,5,2003,847,219500,near stadium
10020,1,1,1922,683,61000,jaihind colny
8846,5,5,1996,870,148000,wadibhokar road
11143,8,5,2004,1580,340000,agrawal nagar
11394,9,2,2010,1856,394432,agrawal nagar
8123,6,5,2000,982,179000,sakri road
5000,5,6,1924,1026,127000,wadibhokar road
7200,7,5,2006,1293,187750,sakri road
9245,7,5,2006,939,213500,near stadium
9000,6,3,1928,784,76000,jaihind colny
53107,6,5,1992,1580,240000,near stadium
3182,8,5,2004,1256,192000,sakri road
8410,5,3,1910,658,81000,jaihind colny
7200,6,6,1976,1041,125000,wadibhokar road
9382,7,5,1999,1468,191000,sakri road
12474,10,5,2007,1682,426000,agrawal nagar
8405,5,8,1900,861,119000,wadibhokar road
12209,6,5,2001,804,215000,near stadium
8339,5,7,1959,0,106500,jaihind colny
7446,4,5,1941,788,100000,jaihind colny
10134,5,6,1940,735,109000,jaihind colny
9571,5,6,1956,1144,129000,wadibhokar road
7200,5,5,1972,894,123000,wadibhokar road
7590,5,5,1962,864,169500,sakri road
8967,5,2,1920,961,67000,jaihind colny
8125,7,5,2006,1092,241000,near stadium
14963,8,5,1996,1260,245500,near stadium
8767,7,5,2005,1310,164990,sakri road
10200,5,8,1940,672,108000,jaihind colny
12090,8,5,1998,1141,258000,near stadium
10364,6,5,1995,806,168000,sakri road
9991,4,4,1976,1281,150000,sakri road
10480,6,5,1936,1064,115000,wadibhokar road
15576,6,7,1915,840,177000,sakri road
14154,7,5,2006,1063,280000,agra road
10800,8,5,2007,1034,339750,agrawal nagar
9571,5,3,1958,1276,60000,jaihind colny
34650,5,5,1955,1056,145000,wadibhokar road
4403,7,5,2009,1470,222000,near stadium
8960,5,6,1927,1008,115000,wadibhokar road
11228,7,5,1993,1080,228000,near stadium
8899,7,5,2007,1340,181134,sakri road
7844,6,7,1978,672,149500,wadibhokar road
22420,6,6,1918,1370,239000,near stadium
8160,5,6,1940,756,126000,wadibhokar road
8450,5,6,1968,1056,142000,wadibhokar road
7060,7,5,1997,1344,206300,sakri road
16635,6,7,1977,1602,215000,near stadium
21750,5,5,1954,988,113000,wadibhokar road
9200,8,5,1998,1470,315000,agrawal nagar
9000,6,5,1956,1196,139000,wadibhokar road
3378,7,8,1946,651,135000,wadibhokar road
12800,7,5,1989,1518,275000,agra road
8593,4,6,1957,907,109008,jaihind colny
6762,7,5,2007,1208,195400,sakri road
11457,6,5,1988,1392,175000,sakri road
1680,6,5,1971,483,85400,jaihind colny
5586,6,7,1920,901,79900,jaihind colny
1920,5,5,1971,765,122500,wadibhokar road
10839,6,5,1997,926,181000,sakri road
1890,4,7,1972,630,81000,jaihind colny
10667,7,6,1996,799,212000,near stadium
4400,6,8,1920,648,116000,wadibhokar road
6000,6,7,1926,884,119000,wadibhokar road
4280,5,6,1913,440,90350,jaihind colny
12354,6,8,1920,684,110000,wadibhokar road
15431,10,5,2008,3094,555000,agrawal nagar
12108,4,4,1955,1440,118000,wadibhokar road
6240,5,7,1930,1078,162900,sakri road
3922,7,5,2006,1258,172500,sakri road
8750,7,5,1994,915,210000,near stadium
9855,6,5,1956,1436,127500,wadibhokar road
16492,6,6,1966,1517,190000,sakri road
11214,7,5,1998,930,199900,sakri road
8600,6,6,1937,780,119500,wadibhokar road
6000,3,7,1948,649,120000,wadibhokar road
5684,6,8,1930,813,110000,wadibhokar road
70761,7,5,1975,1533,280000,agra road
9303,6,5,1996,872,204000,sakri road
9000,8,5,2008,768,210000,near stadium
9297,5,5,1976,1728,188000,sakri road
9600,7,6,1973,1242,175500,sakri road
4571,5,5,1916,624,98000,jaihind colny
53227,4,6,1954,1364,256000,near stadium
5100,8,7,1925,588,161000,sakri road
7015,5,4,1950,709,110000,wadibhokar road
8004,8,5,2009,832,263435,agra road
7200,7,9,1936,560,155000,wadibhokar road
8281,5,5,1965,864,62383,jaihind colny
11988,6,7,1934,715,188700,sakri road
8430,5,5,1978,1040,124000,wadibhokar road
3072,7,5,2004,1375,178740,sakri road
10628,7,5,1970,1277,167000,sakri road
9480,5,7,1942,728,146500,wadibhokar road
11428,8,5,2006,1626,250000,near stadium
9291,6,5,1993,832,187000,sakri road
6820,8,5,1985,1488,212000,near stadium
11952,7,6,1977,808,190000,sakri road
3675,6,5,2005,547,148000,wadibhokar road
14977,8,5,2006,1976,440000,agrawal nagar
5330,8,5,2000,1494,251000,near stadium
8480,5,6,1963,970,132500,wadibhokar road
13125,6,5,1997,1478,208900,sakri road
13693,9,5,2006,2153,380000,agrawal nagar
10637,8,5,2007,1705,297000,agra road
5925,4,7,1937,907,89471,jaihind colny
16033,9,5,2004,1833,326000,agrawal nagar
11846,9,5,2003,1792,374000,agrawal nagar
2500,7,8,1915,910,155000,wadibhokar road
4500,6,5,1998,1216,164000,sakri road
7758,5,7,1962,999,132500,wadibhokar road
9600,5,7,1950,1113,147000,wadibhokar road
10289,5,7,1965,1073,156000,wadibhokar road
12243,5,6,1971,1484,175000,sakri road
10800,5,4,1900,954,160000,sakri road
1526,4,8,1970,630,86000,jaihind colny
2665,5,6,1976,264,115000,wadibhokar road
9490,6,7,1941,806,133000,wadibhokar road
15578,6,5,2006,728,172785,sakri road
7931,5,6,1960,1269,155000,wadibhokar road
5784,5,8,1938,190,91300,jaihind colny
7879,4,5,1920,720,34900,jaihind colny
12692,8,5,1992,3200,430000,agrawal nagar
9120,7,6,1925,1026,184000,sakri road
7800,5,7,1967,864,130000,wadibhokar road
7535,5,7,1958,912,120000,wadibhokar road
1890,6,5,1973,672,113000,wadibhokar road
9803,7,5,2005,866,226700,near stadium
9170,5,7,1965,1214,140000,wadibhokar road
15602,7,8,1959,1501,289000,agra road
2308,6,5,1974,855,147000,wadibhokar road
7596,5,5,1952,960,124500,wadibhokar road
9554,8,5,1993,777,215000,near stadium
7862,6,5,2009,1218,208300,sakri road
9600,7,9,1928,689,161000,sakri road
9600,5,6,1959,1041,124500,wadibhokar road
14559,5,7,1951,1008,164900,sakri road
6792,7,5,2005,1368,202665,sakri road
9100,5,5,1958,864,129900,wadibhokar road
9187,6,5,1983,1084,134000,wadibhokar road
10594,5,5,1926,768,96500,jaihind colny
12220,10,5,2009,2006,402861,agrawal nagar
10448,6,6,1972,689,158000,wadibhokar road
10208,7,5,1996,1264,265000,agra road
9531,6,5,1998,794,211000,near stadium
10918,7,9,1926,1276,234000,near stadium
10800,4,7,1900,0,106250,jaihind colny
11988,6,6,1957,1244,150000,wadibhokar road
5000,6,7,1947,1004,159000,wadibhokar road
40094,10,5,2007,3138,184750,sakri road
11787,7,5,1996,1379,315750,agrawal nagar
7500,7,5,2005,1257,176000,sakri road
13300,5,7,1956,928,132000,wadibhokar road
14948,9,5,2008,1452,446261,agrawal nagar
9098,4,7,1920,528,86000,jaihind colny
32668,6,3,1957,2035,200624,sakri road
10200,6,5,1988,1461,175000,sakri road
6155,6,8,1920,611,128000,wadibhokar road
7200,5,7,1955,0,107500,jaihind colny
5000,1,3,1946,0,39300,jaihind colny
9056,8,5,2004,707,178000,sakri road
7000,5,7,1910,1117,107500,jaihind colny
8924,7,5,1998,880,188000,sakri road
12735,4,5,1972,864,111250,wadibhokar road
11553,5,5,1968,1051,158000,wadibhokar road
11423,8,5,2001,1581,272000,agra road
14601,9,5,2006,1838,315000,agrawal nagar
11000,8,5,2000,969,248000,near stadium
10140,7,5,1998,1650,213250,near stadium
4058,7,5,1998,723,133000,wadibhokar road
17104,7,5,2006,654,179665,sakri road
13837,7,5,1988,1204,229000,near stadium
8737,6,7,1923,1065,210000,near stadium
7244,5,7,1970,768,129500,wadibhokar road
8235,5,7,1955,825,125000,wadibhokar road
9375,7,5,2003,912,263000,agra road
4043,6,6,1977,1069,140000,wadibhokar road
6000,5,6,1957,928,112500,wadibhokar road
11146,8,5,2006,1709,255500,near stadium
8777,4,5,1949,0,108000,jaihind colny
10625,7,5,2003,998,284000,agra road
6380,5,6,1922,993,113000,wadibhokar road
14850,5,5,1957,1092,141000,wadibhokar road
11040,4,6,1920,637,108000,jaihind colny
21872,7,5,1996,729,175000,sakri road
3196,7,5,2003,1374,234000,near stadium
11341,5,6,1957,1392,121500,wadibhokar road
10010,5,5,1974,1389,170000,sakri road
13907,5,6,1940,996,108000,jaihind colny
21780,6,7,1918,1163,185000,sakri road
13346,7,5,1992,1095,268000,agra road
6858,6,4,1915,806,128000,wadibhokar road
11198,9,5,2005,1122,325000,agrawal nagar
10171,7,5,2004,1517,214000,near stadium
12327,8,8,1983,1496,316600,agrawal nagar
7032,5,5,1979,943,135960,wadibhokar road
13101,5,5,1965,1728,142600,wadibhokar road
7332,6,6,1959,864,120000,wadibhokar road
13159,7,5,2009,846,224500,near stadium
9967,7,5,2000,384,170000,sakri road
10500,5,7,1971,372,139000,wadibhokar road
8480,5,5,1947,832,118500,wadibhokar road
6292,7,7,1928,861,145000,wadibhokar road
11777,5,6,1966,1164,164500,sakri road
3604,7,5,2007,689,146000,wadibhokar road
12150,5,5,1954,1050,131500,wadibhokar road
14585,6,6,1960,1144,181900,sakri road
12704,8,5,2008,2042,253293,near stadium
11841,6,5,1990,816,118500,wadibhokar road
13500,10,9,1893,1237,325000,agrawal nagar
6120,4,7,1935,884,133000,wadibhokar road
11443,8,5,2005,1868,369900,agrawal nagar
10267,6,7,1918,816,130000,wadibhokar road
8740,5,6,1982,840,137000,wadibhokar road
25095,5,8,1968,1437,143000,wadibhokar road
9100,5,6,1930,742,79500,jaihind colny
8320,7,5,2004,770,185900,sakri road
13478,10,5,2008,1722,451950,agrawal nagar
6600,5,8,1982,816,138000,wadibhokar road
4435,6,5,2003,848,140000,wadibhokar road
7990,5,6,1975,924,110000,wadibhokar road
11302,8,5,2005,1814,319000,agrawal nagar
3600,6,7,1910,684,114504,wadibhokar road
3922,7,5,2006,1258,194201,sakri road
12984,5,6,1977,1430,217500,near stadium
1950,6,6,1980,716,151000,wadibhokar road
10927,8,5,2005,1058,275000,agra road
9000,6,6,1937,780,141000,wadibhokar road
10041,8,5,1992,908,220000,near stadium
3182,7,5,2004,600,151000,wadibhokar road
12803,7,5,2002,1494,221000,near stadium
13600,7,6,1965,768,205000,sakri road
12464,5,5,1996,1040,152000,wadibhokar road
7800,5,8,1948,896,225000,near stadium
12168,8,6,1934,965,359100,agrawal nagar
7943,4,5,1961,1029,118500,wadibhokar road
11050,9,5,2000,1440,313000,agrawal nagar
10395,6,6,1978,1032,148000,wadibhokar road
11885,8,5,2001,1299,261500,agra road
8402,5,5,2007,1120,147000,wadibhokar road
1491,4,6,1972,630,75500,jaihind colny
8800,6,7,1963,936,137500,wadibhokar road
7861,6,5,2002,783,183200,sakri road
7227,6,6,1954,832,105500,jaihind colny
11694,9,5,2007,1822,314813,agrawal nagar
12244,8,5,2003,1482,305000,agra road
8248,3,3,1914,864,67000,jaihind colny
10800,6,7,1974,1522,240000,near stadium
7064,5,6,1977,980,135000,wadibhokar road
2117,6,5,2000,756,168500,sakri road
10400,6,5,1972,732,165150,sakri road
10000,6,6,1962,1116,160000,sakri road
12342,5,5,1960,978,139900,wadibhokar road
9600,6,6,1955,1156,153000,wadibhokar road
11606,5,5,1969,1040,135000,wadibhokar road
9020,6,5,1964,1248,168500,sakri road
9000,5,6,1880,636,124000,wadibhokar road
4590,8,5,2006,1554,209500,sakri road
11900,7,5,1977,1386,82500,jaihind colny
9250,5,7,1954,1056,139400,wadibhokar road
6979,6,5,1980,1056,144000,wadibhokar road
10896,6,7,1914,1440,200000,sakri road
6120,2,3,1936,264,60000,jaihind colny
6000,5,4,1954,811,93000,jaihind colny
8777,5,7,1910,796,85000,jaihind colny
3982,8,5,2006,1520,264561,agra road
12677,8,5,2003,1518,274000,agra road
7050,7,5,2001,1057,226000,near stadium
13860,8,7,1972,1952,345000,agrawal nagar
10793,5,5,1969,780,152000,wadibhokar road
9187,9,5,2009,1766,370878,agrawal nagar
10530,6,5,1971,981,143250,wadibhokar road
7200,5,5,1950,0,98300,jaihind colny
10452,6,5,1953,1094,155000,wadibhokar road
7700,6,5,1966,756,155000,wadibhokar road
1936,4,6,1970,630,84500,jaihind colny
8125,7,6,2007,813,205950,sakri road
9084,4,5,1940,755,108000,jaihind colny
8750,7,5,1996,880,191000,sakri road
10320,6,7,1906,756,135000,wadibhokar road
10437,8,6,1995,2109,350000,agrawal nagar
1680,6,5,1971,525,88000,jaihind colny
10007,5,7,1959,1053,145500,wadibhokar road
7200,7,6,1931,776,149000,wadibhokar road
17503,6,5,1948,912,97500,jaihind colny
9937,5,7,1964,1486,167000,sakri road
12384,7,7,1976,793,197900,sakri road
46589,8,7,1994,1629,402000,agrawal nagar
13560,6,3,1968,1392,110000,wadibhokar road
10012,4,5,1972,1138,137500,wadibhokar road
20896,8,5,2005,2077,423000,agrawal nagar
11194,8,5,2000,1406,230500,near stadium
18450,6,5,1965,1021,129000,wadibhokar road
8125,6,5,1994,1408,193500,sakri road
14175,5,6,1956,1188,168000,sakri road
11600,4,5,1922,700,137500,wadibhokar road
8633,6,5,2005,738,173500,sakri road
6629,6,6,1925,672,103600,jaihind colny
11250,6,6,1977,1208,165000,sakri road
14442,6,7,1957,1477,257500,near stadium
9200,6,6,1965,1136,140000,wadibhokar road
2289,6,6,1978,855,148500,wadibhokar road
9600,4,2,1900,1095,87000,jaihind colny
9022,5,8,1924,768,109500,jaihind colny
11844,8,5,2008,2046,372500,agrawal nagar
9945,5,5,1961,988,128500,wadibhokar road
8012,6,5,1980,923,143000,wadibhokar road
4500,5,5,1932,793,159434,wadibhokar road
2887,6,5,1996,1291,173000,sakri road
11248,9,5,2002,1626,285000,agra road
16770,7,5,1998,1195,221000,near stadium
5062,7,5,1984,1190,207500,sakri road
10207,7,6,2007,874,227875,near stadium
5105,7,5,2004,551,148800,wadibhokar road
8089,8,6,2007,1419,392000,agrawal nagar
7577,6,5,2005,1362,194700,sakri road
4426,6,5,2004,848,141000,wadibhokar road
21535,10,6,1994,2444,755000,agrawal nagar
26178,7,5,1989,1210,335000,agrawal nagar
5400,5,6,1921,1073,108480,jaihind colny
6120,5,6,1936,927,141500,wadibhokar road
13811,6,6,1987,1112,176000,sakri road
6000,5,7,1921,616,89000,jaihind colny
6420,5,7,1952,980,123500,wadibhokar road
8450,5,8,1965,894,138500,wadibhokar road
4282,7,5,2004,1391,196000,sakri road
14331,8,5,2002,1800,312500,agrawal nagar
9600,7,5,1969,1164,140000,wadibhokar road
12438,8,5,2006,1234,361919,agrawal nagar
7630,5,9,1900,360,140000,wadibhokar road
8400,7,5,2004,1473,213000,near stadium
5600,4,5,1930,0,55000,jaihind colny
115149,7,5,1971,1643,302000,agra road
6240,8,5,2006,1324,254000,near stadium
9018,7,5,2007,728,179540,sakri road
7162,5,7,1966,876,109900,jaihind colny
4130,3,6,1935,270,52000,jaihind colny
8712,4,7,1900,859,102776,jaihind colny
4671,8,5,1988,1228,189000,sakri road
9873,4,5,1970,960,129000,wadibhokar road
13517,6,8,1976,725,130500,wadibhokar road
10140,6,5,1974,1064,165000,sakri road
10800,7,8,1890,718,159500,wadibhokar road
10000,5,6,1973,1176,157000,wadibhokar road
10542,7,5,1993,1311,341000,agrawal nagar
9920,5,6,1969,971,128500,wadibhokar road
6563,8,5,1985,1742,275000,agra road
4426,6,5,2004,848,143000,wadibhokar road
8120,4,7,1970,864,124500,wadibhokar road
8172,4,6,1954,941,135000,wadibhokar road
13286,9,5,2007,1698,320000,agrawal nagar
6960,4,6,1970,864,120500,wadibhokar road
21695,6,9,1988,880,222000,near stadium
7314,7,5,2007,1232,194500,sakri road
11475,5,5,1958,1584,110000,wadibhokar road
6240,4,5,1925,780,103000,jaihind colny
5389,8,5,1995,1595,236500,near stadium
9590,7,5,2003,868,187500,sakri road
11404,7,5,1998,1153,222500,near stadium
10000,5,6,1961,864,131400,wadibhokar road
8978,5,5,1968,948,108000,jaihind colny
10800,7,7,1914,880,163000,sakri road
8544,3,4,1950,0,93500,jaihind colny
10463,8,5,2005,893,239900,near stadium
10800,5,5,1987,1200,179000,sakri road
9313,7,5,2004,864,190000,sakri road
9600,5,7,1910,264,132000,wadibhokar road
6768,6,8,1961,912,142000,wadibhokar road
8450,7,5,2000,1349,179000,sakri road
12886,5,6,1963,520,175000,sakri road
5395,8,5,1993,1337,180000,sakri road
8963,8,9,1976,1142,299800,agra road
8795,7,5,2000,952,236000,near stadium
11700,7,7,1880,1240,265979,agra road
10593,7,5,1996,1720,260400,agra road
8405,4,3,1945,0,98000,jaihind colny
8800,4,7,1910,576,96500,jaihind colny
7750,7,5,2003,660,162000,sakri road
9236,6,5,1997,1479,217000,near stadium
10240,8,5,2005,1030,275500,agra road
7930,6,8,1969,1026,156000,wadibhokar road
3230,6,5,1999,729,172500,sakri road
10769,8,5,2007,866,212000,near stadium
11616,6,5,1978,672,158900,wadibhokar road
2280,7,5,1999,744,179400,sakri road
12257,8,5,1995,1318,290000,agra road
9100,6,6,1959,864,127500,wadibhokar road
6911,5,5,1924,1145,100000,jaihind colny
8640,7,5,2009,756,215200,near stadium
9430,8,5,1999,1252,337000,agrawal nagar
9549,8,5,1995,1494,270000,agra road
14587,9,5,2008,1498,264132,agra road
10421,7,5,1988,980,196500,sakri road
12508,6,7,1940,983,160000,sakri road
9100,7,5,2004,1860,216837,near stadium
53504,8,5,2003,1650,538000,agrawal nagar
7252,5,5,1982,858,134900,wadibhokar road
8877,4,5,1951,836,102000,jaihind colny
7819,6,5,1976,1029,107000,jaihind colny
10150,5,5,1958,912,114500,wadibhokar road
14226,8,5,2006,1935,395000,agrawal nagar
4500,6,5,1998,1204,162000,sakri road
11210,7,5,2005,1614,221500,near stadium
13350,5,5,1974,864,142500,wadibhokar road
8400,5,5,1977,0,144000,wadibhokar road
10530,6,5,1977,975,135000,wadibhokar road
7875,7,5,1995,1237,176000,sakri road
7153,6,5,1992,761,175900,sakri road
16285,7,5,2001,1413,187100,sakri road
9101,5,6,1978,1097,165500,sakri road
6300,6,6,1914,742,128000,wadibhokar road
9790,6,5,1967,1372,161500,sakri road
10800,5,6,1915,686,139000,wadibhokar road
10142,7,5,2004,956,233000,near stadium
6000,4,7,1954,901,107900,jaihind colny
12205,6,8,1966,832,187500,sakri road
3182,7,5,2005,1145,160200,sakri road
11333,6,5,1976,1029,146800,wadibhokar road
9920,7,5,1996,1117,269790,agra road
9158,8,5,2007,1496,225000,near stadium
10832,7,5,1994,712,194500,sakri road
8400,6,6,1980,650,171000,sakri road
8197,6,5,1977,660,143500,wadibhokar road
7677,5,5,1953,773,110000,wadibhokar road
13518,9,5,2008,1926,485000,agrawal nagar
7200,5,7,1937,731,175000,sakri road
12798,6,5,1997,616,200000,sakri road
4800,4,7,1916,1196,109900,jaihind colny
8199,7,5,2005,728,189000,sakri road
13891,9,5,2008,1734,582933,agrawal nagar
9000,5,5,1954,936,118000,wadibhokar road
12274,7,5,2008,1417,227680,near stadium
9750,5,5,1967,980,135500,wadibhokar road
21384,5,6,1923,1324,223500,near stadium
13400,5,5,1966,1024,159950,wadibhokar road
8100,5,5,1898,849,106000,jaihind colny
10140,6,6,1974,1040,181000,sakri road
4438,6,5,2004,848,144500,wadibhokar road
8712,5,5,1952,540,55993,jaihind colny
9750,6,6,1958,1442,157900,wadibhokar road
8248,5,7,1918,686,116000,wadibhokar road
12137,7,5,1998,1649,224900,near stadium
11425,5,6,1954,1008,137000,wadibhokar road
13265,8,5,2002,1568,271000,agra road
8816,6,7,1971,1010,155000,wadibhokar road
6371,7,5,2009,1358,224000,near stadium
7226,7,5,2003,798,183000,sakri road
6000,4,4,1953,936,93000,jaihind colny
12394,7,5,2003,847,225000,near stadium
9900,6,7,1940,778,139500,wadibhokar road
11216,8,5,2006,1489,232600,near stadium
14803,10,5,2007,2078,385000,agrawal nagar
6130,5,6,1924,784,109500,jaihind colny
8529,7,5,2001,1454,189000,sakri road
28698,5,5,1967,1013,185000,sakri road
2544,7,5,2005,600,147400,wadibhokar road
11900,6,5,1957,1392,166000,sakri road
3180,7,5,2005,600,151000,wadibhokar road
9548,7,6,2003,941,237000,near stadium
10004,6,6,1964,1516,167000,sakri road
7875,5,6,1961,1144,139950,wadibhokar road
9600,4,7,1950,1067,128000,wadibhokar road
8100,5,6,1948,1559,153500,wadibhokar road
1680,6,5,1973,483,100000,jaihind colny
9525,5,6,1995,1099,144000,wadibhokar road
11767,5,6,1946,768,130500,wadibhokar road
12155,6,8,1925,672,140000,wadibhokar road
10440,5,8,1904,650,157500,wadibhokar road
9020,6,7,1966,1127,174900,sakri road
8000,5,4,1961,1800,141000,wadibhokar road
12665,5,8,1915,876,153900,wadibhokar road
16647,5,5,1975,1390,171000,sakri road
9317,7,5,1993,740,213000,near stadium
15523,5,6,1972,864,133500,wadibhokar road
45600,6,8,1908,907,240000,near stadium
9600,6,7,1976,528,187000,sakri road
4435,6,5,2003,848,131500,wadibhokar road
3196,8,5,2003,1273,215000,near stadium
7128,7,5,1941,918,164000,sakri road
12095,6,6,1964,1127,158000,wadibhokar road
17920,5,4,1955,1763,170000,sakri road
6897,5,8,1962,1040,127000,wadibhokar road
10970,6,6,1978,940,147000,wadibhokar road
8125,6,5,1994,702,174000,sakri road
10400,7,5,1976,1090,152000,wadibhokar road
11029,6,7,1968,1054,250000,near stadium
7642,7,8,1918,912,189950,sakri road
11625,5,4,1965,1039,131500,wadibhokar road
9672,6,5,1984,1040,152000,wadibhokar road
7931,5,5,1959,1148,132500,wadibhokar road
8640,7,5,2007,1372,250580,near stadium
8750,5,6,1970,1002,148500,wadibhokar road
10656,8,5,2006,1638,248900,near stadium
6970,4,5,1961,1040,129000,wadibhokar road
14762,5,6,1948,0,169000,sakri road
9938,7,5,1993,1050,236000,near stadium
6600,5,5,1962,894,109500,jaihind colny
8750,6,5,1998,804,200500,sakri road
8892,5,7,1953,105,116000,wadibhokar road
12144,5,7,1949,832,133000,wadibhokar road
5720,5,6,1941,676,66500,jaihind colny
9000,8,5,2007,1184,303477,agra road
25286,4,5,1963,1064,132250,wadibhokar road
8834,9,5,2004,1462,350000,agrawal nagar
11782,5,7,1961,1109,148000,wadibhokar road
7000,5,8,1978,864,136500,wadibhokar road
7024,5,5,2005,1090,157000,wadibhokar road
13758,7,5,1990,1156,187500,sakri road
9636,6,5,1992,808,178000,sakri road
6204,4,5,1912,795,118500,wadibhokar road
7150,5,5,1967,892,100000,jaihind colny
5119,9,5,1999,1698,328900,agrawal nagar
8393,5,5,1959,1626,145000,wadibhokar road
16466,5,7,1955,816,135500,wadibhokar road
15865,8,6,1970,2217,268000,agra road
12160,6,4,1953,1505,149500,wadibhokar road
8064,5,7,1949,672,122900,wadibhokar road
11184,6,5,1978,918,172500,sakri road
8414,6,8,1963,1059,154500,wadibhokar road
13284,5,5,1954,1383,165000,sakri road
7018,5,5,1979,0,118858,wadibhokar road
7056,6,5,1963,780,140000,wadibhokar road
8765,4,6,1936,951,106500,jaihind colny
7018,5,5,1979,0,142953,wadibhokar road
12919,9,5,2009,2330,611657,agrawal nagar
6993,5,7,1961,912,135000,wadibhokar road
7340,4,6,1971,858,110000,wadibhokar road
8712,5,7,1957,992,153000,wadibhokar road
7875,7,5,2003,783,180000,sakri road
14859,7,5,2006,1670,240000,near stadium
6173,5,6,1967,876,125500,wadibhokar road
9920,5,5,1954,1056,128000,wadibhokar road
13501,8,5,2006,1623,255000,near stadium
11500,7,7,1936,1017,250000,near stadium
8885,5,5,1983,864,131000,wadibhokar road
12589,6,5,2005,742,174000,sakri road
11600,5,5,1960,1105,154300,wadibhokar road
9286,5,7,1977,1268,143500,wadibhokar road
6120,5,7,1925,768,88000,jaihind colny
6270,5,6,1949,1001,145000,wadibhokar road
3000,6,5,2009,612,173733,sakri road
2001,4,5,1970,546,75000,jaihind colny
9000,2,3,1949,480,35311,agrawal nagar
17140,4,6,1956,1134,135000,wadibhokar road
13125,7,5,1991,1104,238000,near stadium
11029,6,8,1958,1184,176500,sakri road
8462,6,5,1994,928,201000,sakri road
8777,5,7,1900,1272,145900,wadibhokar road
10237,6,5,2005,1316,169990,sakri road
8012,6,5,1993,1604,193000,sakri road
10240,6,6,1980,1686,207500,sakri road
15611,5,6,1977,1126,175000,sakri road
11999,8,5,2003,1181,285000,agra road
9900,7,5,1968,832,176000,sakri road
11838,8,5,2001,1753,236500,near stadium
13006,7,5,1997,964,222000,near stadium
8925,8,5,2007,1466,201000,sakri road
9100,5,6,1965,925,117500,wadibhokar road
11670,9,5,2006,1905,320000,agrawal nagar
8487,7,5,2004,1500,190000,sakri road
27650,7,7,1960,585,242000,near stadium
5825,4,5,1926,600,79900,jaihind colny
10083,7,5,2003,1176,184900,sakri road
9675,7,5,2005,1113,253000,near stadium
8760,7,5,2006,1391,239799,near stadium
24090,7,7,1940,1032,244400,near stadium
12640,6,5,1976,1728,150900,wadibhokar road
8755,7,5,1999,992,214000,near stadium
7711,4,3,1977,1440,150000,wadibhokar road
25000,5,4,1967,1632,143000,wadibhokar road
14375,6,6,1958,819,137500,wadibhokar road
8820,5,6,1890,1088,124900,wadibhokar road
8163,5,6,1959,1144,143000,wadibhokar road
14536,8,5,2002,1616,270000,agra road
14006,7,5,2002,936,192500,sakri road
9360,6,7,1972,1161,197500,sakri road
7200,5,8,1950,864,129000,wadibhokar road
7800,5,5,1965,828,119900,wadibhokar road
7200,5,8,1972,768,133900,wadibhokar road
11075,5,4,1969,784,172000,sakri road
9400,6,5,1975,945,127500,wadibhokar road
7136,6,6,1946,979,145000,wadibhokar road
1300,6,6,1980,561,124000,wadibhokar road
7420,5,5,1962,1057,132000,wadibhokar road
8450,7,5,2003,1337,185000,sakri road
2572,7,5,1999,696,155000,wadibhokar road
7207,5,7,1958,858,116500,wadibhokar road
12227,6,7,1977,1330,272000,agra road
2308,6,6,1976,804,155000,wadibhokar road
11923,9,5,2007,1800,239000,near stadium
11316,7,5,2002,817,214900,near stadium
10237,6,5,2005,783,178900,sakri road
9600,5,7,1940,728,160000,sakri road
7390,5,7,1955,1098,135000,wadibhokar road
5925,3,6,1910,600,37900,jaihind colny
10382,6,5,1958,588,140000,wadibhokar road
10800,4,4,1949,720,135000,wadibhokar road
2268,7,5,2003,764,173000,sakri road
7892,6,5,1979,918,99500,jaihind colny
11639,7,5,2007,1428,182000,sakri road
11414,7,8,1910,728,167500,sakri road
2651,7,5,2000,673,165000,sakri road
5900,4,7,1923,440,85500,jaihind colny
4274,7,5,2006,1241,199900,sakri road
9450,4,5,1954,894,110000,wadibhokar road
8816,5,6,1963,1121,139000,wadibhokar road
12122,7,9,1961,944,178400,sakri road
12203,8,5,1998,1225,336000,agrawal nagar
3182,7,5,2007,1266,159895,wadibhokar road
11250,8,5,2002,1128,255900,near stadium
10125,5,5,1977,0,126000,wadibhokar road
10880,5,5,1950,1164,125000,wadibhokar road
5310,6,8,1910,485,117000,wadibhokar road
10159,9,5,2009,1930,395192,agrawal nagar
12046,6,6,1976,848,195000,sakri road
8125,7,5,2006,770,197000,sakri road
9452,8,5,1997,1396,348000,agrawal nagar
17671,8,9,1882,916,168000,sakri road
9760,6,8,1964,822,187000,sakri road
8846,6,5,2005,750,173900,sakri road
12456,10,5,2006,1700,337500,agrawal nagar
4712,4,7,1946,747,121600,wadibhokar road
10659,5,6,1961,1050,136500,wadibhokar road
11717,6,6,1970,1442,185000,sakri road
9786,3,4,1922,1007,91000,jaihind colny
6762,7,5,2006,1187,206000,sakri road
10206,3,3,1952,0,82000,jaihind colny
5400,5,6,1920,691,86000,jaihind colny
11957,8,5,2006,1574,232000,near stadium
11500,5,6,1976,1680,136905,wadibhokar road
3182,7,5,2005,1346,181000,sakri road
8385,5,8,1977,985,149900,wadibhokar road
12155,6,3,1970,1657,163500,sakri road
2217,4,4,1970,546,88000,jaihind colny
12118,7,5,2004,1710,240000,near stadium
6000,5,5,1926,1008,102000,jaihind colny
21286,5,5,1948,720,135000,wadibhokar road
9825,5,5,1965,0,100000,jaihind colny
10592,6,7,1923,602,165000,sakri road
7200,5,4,1910,1022,85000,jaihind colny
11664,6,5,1948,1082,119200,wadibhokar road
8400,8,6,2001,810,227000,near stadium
11883,7,5,1996,1504,203000,sakri road
5814,8,5,1984,1220,187500,sakri road
10784,7,5,1991,384,160000,sakri road
3013,7,5,2005,1362,213490,near stadium
7024,4,5,2005,1132,176000,sakri road
7406,7,5,2006,1199,194000,sakri road
9439,5,5,1930,912,87000,jaihind colny
3182,7,5,2005,1346,191000,sakri road
15498,8,6,1976,1565,287000, agra road
7700,5,5,1972,882,112500,wadibhokar road
9300,5,5,1960,1268,167500,sakri road
9520,8,5,2007,1638,293077,agrawal nagar
9492,5,5,1941,768,105000,jaihind colny
1680,6,7,1972,672,118000,wadibhokar road
7082,5,8,1916,686,160000,sakri road
15863,7,3,1920,824,197000,sakri road
14541,8,7,1993,1338,310000,agrawal nagar
8125,7,5,2002,1654,230000,near stadium
6305,5,7,1938,920,119750,wadibhokar road
11500,4,3,1957,0,84000,jaihind colny
12898,9,5,2007,1620,315500,agrawal nagar
9240,8,5,2001,1055,287000,agra road
1533,4,6,1970,546,97000,jaihind colny
1477,4,4,1970,630,80000,jaihind colny
13125,5,4,1957,1134,155000,wadibhokar road
9130,6,8,1966,800,173000,sakri road
5381,6,5,2005,1306,196000,sakri road
11839,7,5,1990,1475,262280,agra road
9600,8,5,1981,2524,278000,agra road
13680,3,5,1955,0,139600,wadibhokar road
16056,9,5,2005,1992,556581,agrawal nagar
9245,5,5,1994,990,145000,wadibhokar road
21750,5,4,1960,0,115000,wadibhokar road
11100,4,7,1946,0,84900,jaihind colny
8993,7,5,2007,1302,176485,sakri road
11175,7,5,2007,1316,200141,sakri road
9500,6,6,1964,816,165000,sakri road
8562,5,6,1957,1216,144500,wadibhokar road
11367,8,5,2002,1065,255000,near stadium
11361,6,5,1976,1193,180000,sakri road
7052,7,5,2005,1364,185850,sakri road
29959,7,6,1994,973,248000,near stadium
11308,9,5,2008,1104,335000,agrawal nagar
11275,6,7,1932,854,220000,near stadium
4920,8,5,2001,1338,213500,near stadium
18000,3,4,1935,894,81000,jaihind colny
13600,5,5,1900,662,90000,jaihind colny
6000,6,6,1925,1103,110500,wadibhokar road
11000,5,6,1966,1154,154000,wadibhokar road
14000,7,5,1996,1306,328000,agrawal nagar
7837,6,7,1993,799,178000,sakri road
9760,6,6,1964,780,167900,sakri road
3964,6,4,1973,942,151400,wadibhokar road
9600,5,7,1949,845,135000,wadibhokar road
10152,5,5,1956,1048,135000,wadibhokar road
11700,6,6,1968,727,154000,wadibhokar road
7585,5,3,1948,810,91500,jaihind colny
7950,6,6,1977,690,159500,wadibhokar road
8556,7,5,2006,1240,194000,sakri road
13125,7,6,1940,800,219500,near stadium
10800,5,8,1936,796,170000,sakri road
15870,5,5,1969,1096,138800,wadibhokar road
4435,6,5,2004,848,155900,wadibhokar road
8775,5,5,1994,990,126000,wadibhokar road
11040,6,7,1971,1258,145000,wadibhokar road
7500,5,5,1963,1040,133000,wadibhokar road
8749,7,5,2002,1459,192000,sakri road
8800,6,6,1964,1251,160000,sakri road
13031,6,5,1995,691,187500,sakri road
9069,6,6,1992,936,147000,wadibhokar road
1974,4,5,1973,546,83500,jaihind colny
10574,8,5,2005,1082,252000,near stadium
2522,7,5,2004,970,137500,wadibhokar road
3316,8,5,2005,1247,197000,sakri road
8544,3,4,1950,0,92900,jaihind colny
2160,7,5,1999,600,160000,sakri road
8400,6,5,1925,1181,136500,wadibhokar road
9230,5,8,1965,864,146000,wadibhokar road
5868,5,7,1956,936,129000,wadibhokar road
9317,6,5,2006,1314,176432,sakri road
6882,6,7,1914,684,127000,wadibhokar road
3696,8,5,1986,1074,170000,sakri road
6000,4,6,1936,672,128000,wadibhokar road
11880,7,5,1978,1271,157000,wadibhokar road
8400,2,5,1920,290,60000,jaihind colny
9758,5,5,1971,950,119500,wadibhokar road
7000,5,7,1960,1010,135000,wadibhokar road
8910,6,6,1959,655,159500,wadibhokar road
2016,5,5,1970,630,106000,jaihind colny
12256,8,5,1994,1463,325000,agrawal nagar
10357,7,5,1990,910,179900,sakri road
23257,7,5,2006,868,274725,agra road
8063,6,5,2000,924,181000,sakri road
11362,8,5,2004,1836,280000,agra road
8000,6,5,1995,773,188000,sakri road
10480,7,6,1976,803,205000,sakri road
7100,5,7,1957,816,129900,wadibhokar road
8923,5,7,1953,1008,134500,wadibhokar road
5400,5,7,1954,833,117000,wadibhokar road
12085,8,5,2007,1734,318000,agrawal nagar
7750,8,5,2002,408,184100,sakri road
9764,5,7,1967,894,130000,wadibhokar road
13825,5,6,1958,533,140000,wadibhokar road
7560,5,5,1959,1040,133700,wadibhokar road
8263,6,5,1920,1012,118400,wadibhokar road
10084,7,5,2005,1552,212900,near stadium
8926,4,3,1956,672,112000,wadibhokar road
9405,5,9,1947,698,118000,wadibhokar road
9125,7,5,1992,384,163900,sakri road
10434,4,5,1955,1005,115000,wadibhokar road
3684,7,5,2007,1373,174000,sakri road
14572,7,5,2004,1530,259000,near stadium
11796,7,5,2004,847,215000,near stadium
7200,5,5,1980,936,140000,wadibhokar road
7804,4,3,1928,1122,135000,wadibhokar road
10712,5,5,1991,974,93500,jaihind colny
9900,6,4,1880,1008,117500,wadibhokar road
9828,8,5,1995,1128,239500,near stadium
8773,6,5,1997,916,169000,sakri road
6180,6,5,1926,960,102000,jaihind colny
9600,6,5,1950,1032,119000,wadibhokar road
6342,5,8,1875,780,94000,jaihind colny
9819,6,5,1977,1567,196000,sakri road
8731,5,5,1920,915,144000,wadibhokar road
7350,5,7,1951,952,139000,wadibhokar road
10304,5,7,1976,780,197500,sakri road
9965,8,5,2006,1466,424870,agrawal nagar
9000,5,3,1959,1006,80000,jaihind colny
12180,4,4,1941,672,80000,jaihind colny
6240,5,6,1928,1042,149000,wadibhokar road
11200,6,5,1985,1298,180000,sakri road
12000,7,7,1941,704,174500,sakri road
5700,7,7,1926,572,116900,wadibhokar road
9000,7,9,1920,650,143000,wadibhokar road
8280,6,5,1950,932,124000,wadibhokar road
17755,5,4,1959,1466,149900,wadibhokar road
14115,6,7,1956,1073,230000,near stadium
5890,6,8,1930,816,120500,wadibhokar road
13700,7,6,1965,864,201800,sakri road
10768,5,8,1976,1437,218000,near stadium
9350,5,8,1965,1219,179900,sakri road
5001,7,5,2007,1314,230000,near stadium
11932,8,5,2007,1580,235128,near stadium
9120,6,6,1974,901,185000,sakri road
2280,6,5,1978,855,146000,wadibhokar road
14778,6,7,1954,1296,224000,near stadium
8724,5,5,1968,894,129000,wadibhokar road
12900,4,4,1969,1198,108959,jaihind colny
16157,5,7,1978,1360,194000,sakri road
9541,7,5,2009,1502,233170,near stadium
10475,8,5,2008,1694,245350,near stadium
10852,6,5,2000,959,173000,sakri road
13728,6,7,1935,1127,235000,near stadium
35760,10,5,1995,1930,625000,agrawal nagar
9880,6,6,1977,1096,171000,sakri road
9120,6,6,1958,1261,163000,sakri road
4017,7,5,2006,625,171900,sakri road
18030,5,6,1946,1598,200500,sakri road
16560,6,8,1932,952,239000,near stadium
10678,8,5,1992,1683,285000,agra road
6951,5,5,1984,876,119500,wadibhokar road
3950,6,8,1926,818,115000,wadibhokar road
7681,5,6,1921,731,154900,wadibhokar road
8335,5,5,1954,0,93000,jaihind colny
11170,7,5,1990,1216,250000,near stadium
5587,8,5,2008,1600,392500,agrawal nagar
15623,10,5,1996,2396,745000,agrawal nagar
10800,5,6,1920,1120,120000,wadibhokar road
35133,5,4,1963,1572,186700,sakri road
9738,5,7,1924,784,104900,jaihind colny
10615,3,5,1900,978,95000,jaihind colny
12461,8,5,1994,1624,262000,agra road
8935,7,5,2002,831,195000,sakri road
7500,7,5,1999,994,189000,sakri road
32463,4,4,1961,1249,168000,sakri road
2645,8,5,1999,776,174000,sakri road
9600,5,8,1925,702,125000,wadibhokar road
4500,6,5,1999,1224,165000,sakri road
9364,6,7,1969,663,158000,wadibhokar road
8029,6,5,2005,728,176000,sakri road
14054,7,5,2006,879,219210,near stadium
8850,7,6,1916,815,144000,wadibhokar road
9100,7,5,2001,1212,178000,sakri road
11235,4,5,1963,1051,148000,wadibhokar road
9353,4,5,1970,864,116050,wadibhokar road
10400,7,5,1998,866,197900,sakri road
6000,5,8,1925,884,117000,wadibhokar road
9750,7,5,2000,1630,213000,near stadium
10140,5,6,1975,1056,153500,wadibhokar road
14684,7,7,1990,2158,271900,agra road
8900,4,4,1966,1056,107000,jaihind colny
9135,6,5,2003,1682,200000,sakri road
7763,5,7,1962,931,140000,wadibhokar road
10182,8,5,2006,1660,290000, agra rsoad
11218,6,5,1992,1055,189000,sakri road
12134,8,7,1988,559,164000,sakri road
9340,4,6,1941,672,113000,wadibhokar road
10246,4,9,1965,648,145000,wadibhokar road
10205,5,5,1962,925,134500,wadibhokar road
7094,5,5,1966,894,125000,wadibhokar road
8930,6,5,1978,0,112000,wadibhokar road
8640,8,5,2009,1300,229456,near stadium
6240,4,5,1947,0,80500,jaihind colny
1680,6,5,1971,672,91500,jaihind colny
7800,5,5,1964,912,115000,wadibhokar road
8250,5,5,1968,952,134000,wadibhokar road
10496,6,6,1949,1040,143000,wadibhokar road
10680,5,3,1951,2136,137900,wadibhokar road
15384,7,5,2004,788,184000,sakri road
10482,6,8,1958,588,145000,wadibhokar road
14598,6,5,2007,894,214000,near stadium
8872,5,8,1965,912,147000,wadibhokar road
8769,9,5,2008,1702,367294,agrawal nagar
7910,5,5,1960,1075,127000,wadibhokar road
18890,5,5,1977,1361,190000,sakri road
7728,5,6,1962,1106,132500,wadibhokar road
9842,4,5,1962,0,101800,jaihind colny
12160,5,5,1959,1188,142000,wadibhokar road
8525,5,6,1911,940,130000,wadibhokar road
13132,5,5,1914,747,138887,wadibhokar road
2628,7,5,2003,764,175500,sakri road
12393,7,5,2004,847,195000,sakri road
13072,6,5,2005,1141,142500,wadibhokar road
9037,8,5,2006,1476,265900,agra road
8158,7,5,2003,884,224900,near stadium
9849,7,6,2007,1689,248328,near stadium
10625,7,6,1974,1053,170000,sakri road
13891,10,5,2006,2076,465000,agrawal nagar
11435,8,7,1929,792,230000,near stadium
12090,6,7,1984,585,178000,sakri road
8125,7,5,2005,756,186500,sakri road
12328,6,5,1976,1012,169900,sakri road
9600,6,5,1917,735,129500,wadibhokar road
7200,5,7,1950,876,119000,wadibhokar road
11160,7,5,1968,2110,244000,near stadium
3136,7,5,2003,1405,171750,sakri road
9858,5,6,1968,864,130000,wadibhokar road
17542,7,7,1974,1192,294000,agra road
6931,7,5,2003,746,165400,sakri road
6240,6,6,1931,884,127500,wadibhokar road
14303,8,5,1994,1986,301500,agra road
4060,5,8,1922,864,99900,jaihind colny
9587,7,5,2005,856,190000,sakri road
9750,6,8,1969,1054,151000,wadibhokar road
24682,6,5,1999,841,181000,sakri road
9600,5,6,1956,1050,128900,wadibhokar road
11250,4,5,1957,1104,161500,sakri road
13515,6,6,1919,764,180500,sakri road
4060,6,5,1998,1405,181000,sakri road
3735,7,5,1999,691,183900,sakri road
10120,7,4,1910,925,122000,wadibhokar road
13214,9,5,2008,2002,378500,agrawal nagar
14100,8,9,1935,728,381000,agrawal nagar
11344,5,5,1958,874,144000,wadibhokar road
23595,7,6,1979,1332,260000,agra road
9156,6,7,1968,1489,185750,sakri road
13526,5,6,1965,935,137000,wadibhokar road
11512,6,7,1959,1019,177000,sakri road
5362,5,6,1910,661,139000,wadibhokar road
11345,5,5,1948,928,137000,wadibhokar road
12936,6,6,1972,723,162000,sakri road
17871,6,5,1967,1680,197900,sakri road
9473,8,5,2002,1128,237000,near stadium
7500,4,4,1920,698,68400,jaihind colny
9808,7,5,2002,1573,227000,near stadium
8049,7,5,1990,1309,180000,sakri road
8800,5,7,1977,1040,150500,wadibhokar road
9400,6,5,1971,912,139000,wadibhokar road
9638,6,7,1919,804,169000,sakri road
6000,6,6,1939,780,132500,wadibhokar road
9790,6,5,1963,1328,143000,wadibhokar road
36500,5,5,1964,1624,190000,sakri road
5664,8,5,2000,1501,278000,agra road
11065,8,5,2006,1085,281000,agra road
14112,5,7,1964,1152,180500,sakri road
1680,5,7,1972,630,119500,wadibhokar road
6600,5,4,1892,994,107500,jaihind colny
10140,7,5,1976,832,162900,sakri road
8172,5,7,1955,864,115000,wadibhokar road
8400,5,5,1968,1052,138500,wadibhokar road
8700,5,6,1963,1120,155000,wadibhokar road
3675,6,5,2005,547,140000,wadibhokar road
63887,10,5,2008,6110,160000,sakri road
7500,5,7,1959,1246,154000,wadibhokar road
10762,7,5,1999,978,225000,near stadium
7500,6,7,1942,771,177500,sakri road
10120,8,5,1994,1165,290000,agra road
8688,7,5,2005,1616,232000,near stadium
3363,7,5,2004,976,130000,wadibhokar road
13173,9,5,2006,1652,325000,agrawal nagar
6955,7,5,2005,1368,202500,sakri road
8072,5,5,1994,990,138000,wadibhokar road
12000,5,7,1948,924,147000,wadibhokar road
7153,6,5,1991,1278,179200,sakri road
17500,7,8,1959,1902,335000,agrawal nagar
8814,7,5,2005,1274,203000,sakri road
9572,8,5,1990,1453,302000,agra road
14774,9,5,1999,1393,333168,agrawal nagar
8190,4,6,1954,948,119000,wadibhokar road
11075,6,5,1969,952,206900,sakri road
10226,8,5,2008,1622,295493,agra road
4230,7,5,2006,1352,208900,sakri road
14781,8,5,2001,1753,275000,agra road
10215,4,5,1954,864,111000,wadibhokar road
8400,6,3,1957,1478,156500,wadibhokar road
6627,3,6,1949,0,72500,jaihind colny
10186,7,5,1992,750,190000,sakri road
5330,4,7,1940,420,82500,jaihind colny
9986,8,5,2006,1795,147000,wadibhokar road
3636,4,4,1922,796,55000,jaihind colny
4270,3,6,1931,544,79000,jaihind colny
6600,5,9,1982,816,130500,wadibhokar road
10440,6,7,1920,1510,256000,near stadium
9084,7,5,1998,935,176500,sakri road
10000,8,5,2006,1588,227000,near stadium
10780,5,5,1976,911,132500,wadibhokar road
8877,4,6,1938,816,100000,jaihind colny
7200,5,6,1938,803,125500,wadibhokar road
2368,5,6,1970,765,125000,wadibhokar road
9650,6,5,1977,1350,167900,sakri road
9246,5,5,1973,1656,135000,wadibhokar road
4118,4,4,1941,693,52500,jaihind colny
13450,7,5,2002,916,200000,sakri road
9560,5,7,1972,864,128500,wadibhokar road
8294,4,5,1971,858,123000,wadibhokar road
13695,6,5,2003,1114,155000,wadibhokar road
9375,8,5,2002,1284,228500,near stadium
7558,6,6,1928,896,177000,sakri road
11103,7,5,2006,728,155835,wadibhokar road
6000,4,4,1920,960,108500,jaihind colny
20781,7,7,1968,1568,262500,agra road
15306,8,5,2006,1732,283463,agra road
16196,7,5,1998,1482,215000,near stadium
5250,8,5,1872,684,122000,wadibhokar road
11643,5,5,1969,1248,200000,sakri road
9247,6,6,1962,858,171000,sakri road
6000,6,9,1937,698,134900,wadibhokar road
14720,8,5,1995,2033,410000,agrawal nagar
10316,7,5,2000,992,235000,near stadium
10192,7,6,1968,570,170000,sakri road
9477,5,5,1966,864,110000,wadibhokar road
12537,5,6,1971,1078,149900,wadibhokar road
2117,6,5,2000,756,177500,sakri road
16737,9,5,2004,1980,315000,agrawal nagar
9842,5,6,1921,612,189000,sakri road
16158,7,5,2005,1530,260000,agra road
12513,4,4,1920,715,104900,jaihind colny
8499,6,5,2006,616,156932,wadibhokar road
3180,7,5,2005,600,144152,wadibhokar road
7500,7,5,2000,814,216000,near stadium
9179,7,5,1999,873,193000,sakri road
2665,5,6,1977,757,127000,wadibhokar road
4435,6,5,2003,848,144000,wadibhokar road
10635,8,5,2003,1657,232000,near stadium
5400,4,6,1920,840,105000,jaihind colny
9600,6,6,1955,992,165500,sakri road
9750,7,6,1998,1108,274300,agra road
11400,10,5,2001,2633,466500,agrawal nagar
10625,7,5,2005,1026,250000,near stadium
10991,8,5,2007,1571,239000,near stadium
6292,6,5,1930,768,91000,jaihind colny
10998,5,5,1941,984,117000,wadibhokar road
1953,6,5,1973,483,83000,jaihind colny
9735,5,5,2006,384,167500,sakri road
8212,3,3,1914,864,58500,jaihind colny
12925,6,7,1970,1205,237500,near stadium
7200,7,7,1920,596,157000,wadibhokar road
25339,5,7,1918,816,112000,wadibhokar road
9060,6,5,1939,560,105000,jaihind colny
5436,4,8,1922,796,125500,wadibhokar road
16692,7,5,1978,1392,250000,near stadium
8520,6,7,1916,714,136000,wadibhokar road
14892,9,5,2006,1746,377500,agrawal nagar
6000,6,6,1941,735,131000,wadibhokar road
9100,7,5,2000,1525,235000,near stadium
8944,5,5,1967,1584,124000,wadibhokar road
7838,5,5,1967,864,123000,wadibhokar road
10800,6,7,1905,482,163000,sakri road
4045,7,5,2006,1356,246578,near stadium
12665,8,5,2005,1094,281213,agra road
57200,5,5,1948,747,160000,sakri road
6120,5,8,1920,939,137500,wadibhokar road
7200,5,4,1950,1208,138000,wadibhokar road
6171,6,6,1925,976,137450,wadibhokar road
6000,6,7,1929,862,120000,wadibhokar road
7415,6,5,2004,839,193000,sakri road
6762,7,5,2006,1286,193879,sakri road
15256,8,5,2007,1485,282922,agra road
10410,3,4,1915,672,105000,jaihind colny
3842,8,5,2004,1594,275000,agra road
8445,5,7,1972,768,133000,wadibhokar road
8780,5,5,1985,833,112000,wadibhokar road
7740,4,7,1910,622,125500,wadibhokar road
20544,7,6,1986,791,215000,near stadium
12420,7,5,2001,944,230000,near stadium
9600,6,8,1950,856,140000,wadibhokar road
7200,4,5,1949,0,90000,jaihind colny
10994,8,5,2005,1844,257000,near stadium
13053,6,7,1923,833,207000,sakri road
3635,7,5,2007,1386,175900,sakri road
11340,4,6,1885,777,122500,wadibhokar road
16545,8,5,1998,1284,340000,agrawal nagar
9204,5,5,1963,1144,124000,wadibhokar road
16381,6,5,1969,1844,223000,near stadium
11700,6,6,1968,708,179900,sakri road
4043,6,5,1977,1069,127500,wadibhokar road
4435,6,5,2003,848,136500,wadibhokar road
19690,6,7,1966,697,274970,agra road
9503,5,5,1958,1024,144000,wadibhokar road
10721,6,6,1959,1252,142000,wadibhokar road
10944,7,5,1994,1223,271000,agra road
10930,5,6,1945,913,140000,wadibhokar road
7200,5,7,1940,788,119000,wadibhokar road
12546,6,7,1981,1440,182900,sakri road
21930,5,5,2005,732,192140,sakri road
4928,6,6,1976,958,143750,wadibhokar road
10800,4,6,1927,656,64500,jaihind colny
10261,6,5,2000,936,186500,sakri road
17400,5,5,1977,1126,160000,sakri road
8400,6,9,1962,1319,174000,sakri road
9000,4,6,1971,864,120500,wadibhokar road
12444,8,5,2008,1932,394617,agrawal nagar
7407,6,7,1957,912,149700,wadibhokar road
11584,7,6,1979,539,197000,sakri road
11526,6,7,1922,588,191000,sakri road
4426,6,5,2004,848,149300,wadibhokar road
11003,10,5,2008,1017,310000,agrawal nagar
8854,6,6,1916,952,121000,wadibhokar road
8500,7,5,2004,1422,179600,sakri road
8400,6,5,1966,814,129000,wadibhokar road
26142,5,7,1962,1188,157900,wadibhokar road
10000,8,5,1995,1220,240000,near stadium
11767,4,7,1910,560,112000,wadibhokar road
1533,5,7,1970,630,92000,jaihind colny
9000,5,5,1974,896,136000,wadibhokar road
9262,8,5,2008,1573,287090,agra road
3675,5,5,2005,547,145000,wadibhokar road
17217,5,5,2006,1140,84500,jaihind colny
7500,7,5,2004,1221,185000,sakri road
7917,6,5,1999,953,175000,sakri road
13175,6,6,1978,1542,210000,near stadium
9042,7,9,1941,1152,266500,agra road
9717,5,6,1950,1078,142125,wadibhokar road
9937,5,6,1965,1256,147500,wadibhokar road
